id,name,email,age,country,created_at
1,Ana Alves,ana.alves@email.com,51,Brasil,2024-09-24 17:23:08.276638
2,Mary Garcia,mary.garcia@email.com,29,Argentina,2024-12-12 17:23:08.276638
3,Maria Rodrigues,maria.rodrigues@email.com,35,Brasil,2024-09-22 17:23:08.276638
4,João Alves,joão.alves@email.com,33,Brasil,2024-06-20 17:23:08.276638
5,Pedro Oliveira,pedro.oliveira@email.com,55,Brasil,2025-03-17 17:23:08.276638
6,Robert Johnson,robert.johnson@email.com,150,Espanha,2024-07-20 17:23:08.276638
7,John Williams,john.williams@email.com,25,Argentina,2025-07-11 17:23:08.276638
8,Maria Rodrigues,maria.rodrigues@email.com,25,Portugal,2023-12-15 17:23:08.276638
9,Mary Johnson,mary.johnson@email.com,66,Chile,2025-04-12 17:23:08.276638
10,João Alves,joão.alves@email.com,34,Brasil,2025-03-14 17:23:08.276638
11,Juliana Rodrigues,juliana.rodrigues@email.com,18,Brasil,2024-04-01 17:23:08.276638
12,Maria Alves,maria.alves@email.com,29,Brasil,2023-10-04 17:23:08.276638
13,Pedro Souza,pedro.souza@email.com,26,Brasil,2024-02-14 17:23:08.276638
14,Susan Johnson,susan.johnson@email.com,45,EUA,2024-12-14 17:23:08.276638
15,Maria Silva,maria.silva@email.com,56,Brasil,2025-09-21 17:23:08.276638
16,John Smith,email_invalido,24,Chile,2023-10-11 17:23:08.276638
17,Ana Silva,ana.silva@email.com,20,Portugal,2025-02-08 17:23:08.276638
18,Susan Smith,susan.smith@email.com,41,Chile,2023-10-05 17:23:08.276638
19,Lucas Oliveira,lucas.oliveira@email.com,42,Brasil,2025-03-28 17:23:08.276638
20,João Rodrigues,joão.rodrigues@email.com,26,Brasil,2025-07-02 17:23:08.276638
21,Carlos Oliveira,carlos.oliveira@email.com,42,Brasil,2023-10-09 17:23:08.276638
22,Carlos Oliveira,carlos.oliveira@email.com,52,Brasil,2024-01-31 17:23:08.276638
23,Carlos Souza,carlos.souza@email.com,41,Brasil,2025-06-15 17:23:08.276638
24,Robert Miller,robert.miller@email.com,19,Argentina,2024-12-30 17:23:08.276638
25,Miguel Silva,miguel.silva@email.com,68,Portugal,2025-05-24 17:23:08.276638
26,Carlos Silva,carlos.silva@email.com,39,,2025-07-01 17:23:08.276638
27,Lucas Rodrigues,lucas.rodrigues@email.com,32,Brasil,2024-09-18 17:23:08.276638
28,Lucas Alves,lucas.alves@email.com,45,Brasil,2023-11-22 17:23:08.276638
29,Maria Ferreira,maria.ferreira@email.com,25,Portugal,2024-06-18 17:23:08.276638
30,António Oliveira,antónio.oliveira@email.com,52,Portugal,2025-09-08 17:23:08.276638
31,Ana Alves,ana.alves@email.com,49,Brasil,2025-01-01 17:23:08.276638
32,Susan Brown,susan.brown@email.com,27,Espanha,2024-10-25 17:23:08.276638
33,Maria Santos,maria.santos@email.com,34,Brasil,2024-11-16 17:23:08.276638
34,Juliana Souza,juliana.souza@email.com,33,Brasil,2024-08-25 17:23:08.276638
35,David Williams,david.williams@email.com,29,EUA,2025-04-24 17:23:08.276638
36,,juliana.alves@email.com,41,Brasil,2024-01-11 17:23:08.277638
37,Lucas Alves,lucas.alves@email.com,39,Brasil,2024-07-17 17:23:08.277638
38,Sofia Santos,sofia.santos@email.com,39,Portugal,2025-04-07 17:23:08.277638
39,David Garcia,david.garcia@email.com,25,Argentina,2023-10-06 17:23:08.277638
40,João Santos,joão.santos@email.com,23,Brasil,2024-10-26 17:23:08.277638
41,Carlos Rodrigues,carlos.rodrigues@email.com,26,Brasil,2024-09-10 17:23:08.277638
42,Carlos Souza,carlos.souza@email.com,31,Brasil,2025-03-24 17:23:08.277638
43,Pedro Rodrigues,pedro.rodrigues@email.com,45,Brasil,2025-02-21 17:23:08.277638
44,Juliana Rodrigues,juliana.rodrigues@email.com,18,Brasil,2024-05-23 17:23:08.277638
45,Ana Silva,ana.silva@email.com,25,Portugal,2025-03-31 17:23:08.277638
46,Miguel Costa,miguel.costa@email.com,33,Portugal,2025-06-23 17:23:08.277638
47,Maria Rodrigues,maria.rodrigues@email.com,21,Brasil,2023-11-07 17:23:08.277638
48,Fernanda Oliveira,fernanda.oliveira@email.com,33,Brasil,2025-03-13 17:23:08.277638
49,Fernanda Oliveira,fernanda.oliveira@email.com,25,Brasil,2024-08-29 17:23:08.277638
50,Carlos Souza,carlos.souza@email.com,26,Brasil,2024-06-02 17:23:08.277638
51,Carlos Souza,carlos.souza@email.com,21,Brasil,2024-09-06 17:23:08.277638
52,Fernanda Santos,fernanda.santos@email.com,33,Brasil,2025-07-28 17:23:08.277638
53,João Oliveira,joão.oliveira@email.com,24,Brasil,2024-08-26 17:23:08.277638
54,Fernanda Oliveira,fernanda.oliveira@email.com,43,Brasil,2024-12-20 17:23:08.277638
55,Pedro Souza,pedro.souza@email.com,25,Brasil,2023-11-03 17:23:08.277638
56,Maria Rodrigues,maria.rodrigues@email.com,36,Brasil,2025-09-05 17:23:08.277638
57,Robert Jones,robert.jones@email.com,38,EUA,2025-03-29 17:23:08.277638
58,Lucas Oliveira,lucas.oliveira@email.com,27,Brasil,2023-12-11 17:23:08.277638
59,Ana Oliveira,ana.oliveira@email.com,27,Brasil,2025-07-27 17:23:08.277638
60,Pedro Santos,pedro.santos@email.com,29,Brasil,2024-10-19 17:23:08.277638
61,Miguel Silva,miguel.silva@email.com,52,Portugal,2024-05-24 17:23:08.277638
62,Ana Silva,ana.silva@email.com,26,Brasil,2024-12-06 17:23:08.277638
63,Ana Santos,ana.santos@email.com,68,Portugal,2025-09-14 17:23:08.277638
64,Fernanda Ferreira,fernanda.ferreira@email.com,28,Brasil,2024-09-11 17:23:08.277638
65,João Santos,joão.santos@email.com,43,Brasil,2023-10-11 17:23:08.277638
66,Carlos Silva,carlos.silva@email.com,20,Brasil,2024-05-20 17:23:08.277638
67,Michael Garcia,michael.garcia@email.com,35,EUA,2024-05-19 17:23:08.277638
68,Juliana Santos,juliana.santos@email.com,31,Brasil,2025-03-02 17:23:08.277638
69,Pedro Rodrigues,pedro.rodrigues@email.com,52,Brasil,2023-12-16 17:23:08.277638
70,Lucas Alves,lucas.alves@email.com,17,Brasil,2024-04-26 17:23:08.277638
71,Maria Silva,maria.silva@email.com,24,Brasil,2023-10-05 17:23:08.277638
72,Juliana Alves,juliana.alves@email.com,52,Brasil,2024-12-27 17:23:08.277638
73,João Souza,joão.souza@email.com,30,Brasil,2024-04-28 17:23:08.277638
74,Mary Miller,mary.miller@email.com,48,Argentina,2024-09-04 17:23:08.277638
75,Ana Silva,ana.silva@email.com,34,Brasil,2025-02-03 17:23:08.277638
76,Ana Oliveira,ana.oliveira@email.com,63,Portugal,2024-02-02 17:23:08.277638
77,Pedro Alves,pedro.alves@email.com,43,Brasil,2024-07-03 17:23:08.277638
78,Pedro Rodrigues,pedro.rodrigues@email.com,27,Brasil,2024-02-08 17:23:08.277638
79,Fernanda Ferreira,fernanda.ferreira@email.com,46,Brasil,2024-01-10 17:23:08.277638
80,Sofia Santos,sofia.santos@email.com,40,Portugal,2024-04-07 17:23:08.277638
81,Maria Santos,maria.santos@email.com,32,Portugal,2024-11-14 17:23:08.277638
82,Carlos Oliveira,carlos.oliveira@email.com,38,Brasil,2024-07-17 17:23:08.277638
83,Lucas Silva,lucas.silva@email.com,52,Brasil,2025-03-02 17:23:08.277638
84,Juliana Oliveira,juliana.oliveira@email.com,53,Brasil,2024-04-10 17:23:08.277638
85,Lucas Souza,lucas.souza@email.com,20,Brasil,2025-03-19 17:23:08.277638
86,Maria Souza,maria.souza@email.com,23,Brasil,2024-06-23 17:23:08.277638
87,Linda Johnson,linda.johnson@email.com,51,Espanha,2025-03-27 17:23:08.277638
88,Lucas Oliveira,lucas.oliveira@email.com,39,Brasil,2024-09-24 17:23:08.277638
89,Sofia Rodrigues,sofia.rodrigues@email.com,27,Portugal,2023-10-18 17:23:08.277638
90,Juliana Ferreira,juliana.ferreira@email.com,34,Brasil,2024-10-16 17:23:08.277638
91,Ana Rodrigues,ana.rodrigues@email.com,36,Brasil,2024-03-20 17:23:08.277638
92,António Silva,antónio.silva@email.com,32,Portugal,2023-11-26 17:23:08.277638
93,Juliana Ferreira,juliana.ferreira@email.com,18,Brasil,2024-04-09 17:23:08.277638
94,Maria Alves,maria.alves@email.com,29,Brasil,2025-08-19 17:23:08.277638
95,Sofia Martins,sofia.martins@email.com,30,Portugal,2025-02-15 17:23:08.277638
96,Lucas Rodrigues,lucas.rodrigues@email.com,16,Brasil,2024-05-14 17:23:08.277638
97,João Alves,joão.alves@email.com,58,Brasil,2024-12-18 17:23:08.277638
98,Juliana Alves,juliana.alves@email.com,21,Brasil,2025-07-26 17:23:08.277638
99,Fernanda Ferreira,fernanda.ferreira@email.com,35,Brasil,2023-12-03 17:23:08.277638
100,Maria Oliveira,maria.oliveira@email.com,34,Portugal,2023-12-16 17:23:08.277638
101,Fernanda Silva,fernanda.silva@email.com,28,Brasil,2025-02-25 17:23:08.277638
102,Robert Garcia,robert.garcia@email.com,25,Argentina,2023-12-06 17:23:08.277638
103,Carlos Ferreira,carlos.ferreira@email.com,18,Brasil,2024-11-27 17:23:08.277638
104,Carlos Santos,carlos.santos@email.com,20,Brasil,2025-05-05 17:23:08.277638
105,Lucas Rodrigues,lucas.rodrigues@email.com,27,Brasil,2024-09-21 17:23:08.277638
106,Fernanda Oliveira,fernanda.oliveira@email.com,29,Brasil,2024-05-24 17:23:08.277638
107,Fernanda Ferreira,fernanda.ferreira@email.com,20,Brasil,2025-02-22 17:23:08.277638
108,Pedro Silva,pedro.silva@email.com,18,Brasil,2025-09-21 17:23:08.277638
109,Ana Rodrigues,ana.rodrigues@email.com,34,Brasil,2024-03-14 17:23:08.277638
110,Ana Rodrigues,ana.rodrigues@email.com,42,Portugal,2023-11-22 17:23:08.277638
111,Miguel Rodrigues,miguel.rodrigues@email.com,34,Portugal,2025-05-03 17:23:08.277638
112,Carlos Alves,carlos.alves@email.com,27,Brasil,2025-02-08 17:23:08.277638
113,Pedro Alves,pedro.alves@email.com,31,Brasil,2024-12-28 17:23:08.277638
114,John Smith,john.smith@email.com,23,Argentina,2024-11-09 17:23:08.277638
115,Ana Rodrigues,ana.rodrigues@email.com,32,Brasil,2023-10-16 17:23:08.277638
116,Mary Brown,mary.brown@email.com,42,Chile,2023-11-29 17:23:08.277638
117,Pedro Ferreira,pedro.ferreira@email.com,28,Brasil,2025-06-30 17:23:08.277638
118,João Oliveira,joão.oliveira@email.com,48,Brasil,2023-11-10 17:23:08.277638
119,João Ferreira,joão.ferreira@email.com,21,Portugal,2024-11-04 17:23:08.277638
120,Miguel Silva,miguel.silva@email.com,39,Portugal,2025-01-02 17:23:08.277638
121,João Silva,joão.silva@email.com,20,Brasil,2024-01-17 17:23:08.277638
122,Francisco Martins,francisco.martins@email.com,33,Portugal,2024-07-04 17:23:08.277638
123,Carlos Santos,carlos.santos@email.com,27,Brasil,2023-10-17 17:23:08.277638
124,Jennifer Brown,jennifer.brown@email.com,20,Chile,2024-12-25 17:23:08.277638
125,Pedro Souza,pedro.souza@email.com,26,Brasil,2024-05-17 17:23:08.277638
126,João Oliveira,joão.oliveira@email.com,20,Portugal,2024-12-06 17:23:08.277638
127,Carlos Oliveira,carlos.oliveira@email.com,26,Brasil,2023-10-09 17:23:08.277638
128,Carlos Ferreira,carlos.ferreira@email.com,40,Brasil,2024-04-09 17:23:08.277638
129,Francisco Oliveira,francisco.oliveira@email.com,31,Portugal,2024-07-28 17:23:08.277638
130,João Alves,joão.alves@email.com,39,Brasil,2024-05-05 17:23:08.277638
131,Francisco Martins,francisco.martins@email.com,21,Portugal,2025-05-16 17:23:08.277638
132,Maria Alves,maria.alves@email.com,32,Brasil,2024-10-29 17:23:08.277638
133,Ana Silva,ana.silva@email.com,31,Brasil,2024-08-21 17:23:08.277638
134,Ana Souza,ana.souza@email.com,22,Brasil,2024-08-24 17:23:08.277638
135,Maria Santos,maria.santos@email.com,32,Brasil,2024-07-17 17:23:08.277638
136,Maria Silva,maria.silva@email.com,41,Brasil,2025-01-24 17:23:08.277638
137,Maria Souza,maria.souza@email.com,17,Brasil,2024-01-09 17:23:08.277638
138,John Brown,john.brown@email.com,25,EUA,2025-05-20 17:23:08.277638
139,Pedro Oliveira,pedro.oliveira@email.com,33,Brasil,2024-05-20 17:23:08.277638
140,Michael Miller,michael.miller@email.com,17,EUA,2024-08-26 17:23:08.277638
141,Maria Rodrigues,maria.rodrigues@email.com,67,Brasil,2023-12-11 17:23:08.277638
142,Ana Oliveira,ana.oliveira@email.com,51,Brasil,2025-01-30 17:23:08.277638
143,Maria Costa,maria.costa@email.com,32,Portugal,2024-01-29 17:23:08.277638
144,Pedro Alves,pedro.alves@email.com,17,Brasil,2025-07-22 17:23:08.277638
145,Sofia Oliveira,sofia.oliveira@email.com,24,Portugal,2024-12-31 17:23:08.277638
146,Francisco Rodrigues,francisco.rodrigues@email.com,20,Portugal,2024-08-02 17:23:08.277638
147,Susan Williams,susan.williams@email.com,31,Chile,2024-02-25 17:23:08.277638
148,Ana Ferreira,ana.ferreira@email.com,29,Brasil,2025-09-19 17:23:08.277638
149,Pedro Silva,pedro.silva@email.com,19,Brasil,2023-11-14 17:23:08.277638
150,Fernanda Alves,fernanda.alves@email.com,57,Brasil,2024-04-22 17:23:08.277638
151,Ana Silva,ana.silva@email.com,17,Portugal,2025-01-28 17:23:08.277638
152,António Ferreira,antónio.ferreira@email.com,18,Portugal,2024-01-30 17:23:08.277638
153,Maria Silva,maria.silva@email.com,32,Brasil,2023-11-04 17:23:08.277638
154,Carlos Oliveira,carlos.oliveira@email.com,47,Brasil,2024-03-31 17:23:08.277638
155,Robert Brown,robert.brown@email.com,29,Espanha,2025-06-09 17:23:08.277638
156,Lucas Ferreira,lucas.ferreira@email.com,39,Brasil,2025-08-14 17:23:08.277638
157,Pedro Ferreira,pedro.ferreira@email.com,33,Brasil,2023-10-19 17:23:08.277638
158,João Alves,joão.alves@email.com,19,Brasil,2024-01-23 17:23:08.277638
159,Juliana Alves,juliana.alves@email.com,55,Brasil,2024-03-29 17:23:08.277638
160,Robert Brown,robert.brown@email.com,39,Chile,2024-09-24 17:23:08.277638
161,Juliana Rodrigues,juliana.rodrigues@email.com,31,Brasil,2024-09-29 17:23:08.277638
162,Fernanda Souza,fernanda.souza@email.com,18,Brasil,2024-03-06 17:23:08.277638
163,Lucas Oliveira,lucas.oliveira@email.com,27,Brasil,2023-10-30 17:23:08.277638
164,Pedro Alves,pedro.alves@email.com,17,Brasil,2025-02-21 17:23:08.277638
165,Ana Santos,ana.santos@email.com,33,Brasil,2024-10-12 17:23:08.277638
166,Pedro Ferreira,pedro.ferreira@email.com,39,Brasil,2025-09-23 17:23:08.277638
167,Maria Santos,maria.santos@email.com,29,Brasil,2025-07-14 17:23:08.277638
168,Lucas Oliveira,lucas.oliveira@email.com,50,Brasil,2025-03-27 17:23:08.277638
169,Maria Alves,maria.alves@email.com,64,Brasil,2025-08-13 17:23:08.277638
170,Francisco Ferreira,francisco.ferreira@email.com,23,Portugal,2024-05-08 17:23:08.277638
171,Mary Johnson,mary.johnson@email.com,34,Argentina,2023-10-30 17:23:08.277638
172,Ana Souza,ana.souza@email.com,42,Brasil,2025-09-11 17:23:08.277638
173,Pedro Oliveira,pedro.oliveira@email.com,45,Brasil,2025-07-29 17:23:08.277638
174,Isabel Oliveira,isabel.oliveira@email.com,69,Portugal,2024-04-17 17:23:08.277638
175,Miguel Oliveira,miguel.oliveira@email.com,20,Portugal,2024-09-18 17:23:08.277638
176,Lucas Santos,lucas.santos@email.com,34,Brasil,2023-11-23 17:23:08.277638
177,Miguel Ferreira,miguel.ferreira@email.com,37,Portugal,2025-02-10 17:23:08.277638
178,Ana Alves,ana.alves@email.com,19,Brasil,2024-08-07 17:23:08.277638
179,Carlos Silva,carlos.silva@email.com,33,Brasil,2025-07-18 17:23:08.277638
180,Fernanda Oliveira,fernanda.oliveira@email.com,30,Brasil,2025-01-24 17:23:08.277638
181,João Alves,joão.alves@email.com,37,Brasil,2024-12-16 17:23:08.277638
182,Maria Rodrigues,maria.rodrigues@email.com,42,Brasil,2025-09-27 17:23:08.277638
183,Ana Ferreira,ana.ferreira@email.com,16,Brasil,2023-10-13 17:23:08.277638
184,Maria Oliveira,maria.oliveira@email.com,30,Brasil,2025-05-01 17:23:08.277638
185,Maria Rodrigues,maria.rodrigues@email.com,68,Brasil,2024-03-28 17:23:08.277638
186,Isabel Santos,isabel.santos@email.com,20,Portugal,2025-01-27 17:23:08.277638
187,Pedro Ferreira,pedro.ferreira@email.com,58,Brasil,2024-11-12 17:23:08.277638
188,João Rodrigues,joão.rodrigues@email.com,35,Brasil,2025-07-12 17:23:08.277638
189,Fernanda Ferreira,fernanda.ferreira@email.com,27,Brasil,2024-04-21 17:23:08.277638
190,John Miller,john.miller@email.com,24,Argentina,2024-04-10 17:23:08.277638
191,Pedro Silva,pedro.silva@email.com,33,Brasil,2025-05-04 17:23:08.277638
192,João Oliveira,joão.oliveira@email.com,70,Portugal,2024-05-11 17:23:08.277638
193,Lucas Santos,lucas.santos@email.com,37,Brasil,2024-10-01 17:23:08.277638
194,Maria Santos,maria.santos@email.com,26,Brasil,2024-02-19 17:23:08.277638
195,Maria Oliveira,maria.oliveira@email.com,20,Brasil,2023-12-24 17:23:08.277638
196,João Silva,joão.silva@email.com,30,Brasil,2023-12-29 17:23:08.277638
197,Carlos Oliveira,carlos.oliveira@email.com,23,Brasil,2025-02-14 17:23:08.277638
198,Isabel Rodrigues,isabel.rodrigues@email.com,31,Portugal,2024-11-08 17:23:08.277638
199,Ana Martins,ana.martins@email.com,22,Portugal,2025-09-15 17:23:08.277638
200,Maria Silva,maria.silva@email.com,30,Brasil,2023-12-03 17:23:08.277638
201,João Silva,joão.silva@email.com,21,Brasil,2025-05-27 17:23:08.277638
202,Fernanda Santos,fernanda.santos@email.com,45,Brasil,2024-01-15 17:23:08.277638
203,Ana Alves,ana.alves@email.com,41,Brasil,2024-10-02 17:23:08.277638
204,Pedro Souza,pedro.souza@email.com,23,Brasil,2024-05-13 17:23:08.277638
205,Ana Souza,ana.souza@email.com,29,Brasil,2024-06-09 17:23:08.277638
206,Carlos Silva,carlos.silva@email.com,24,Brasil,2025-03-20 17:23:08.277638
207,Ana Santos,ana.santos@email.com,22,Portugal,2024-09-03 17:23:08.277638
208,Miguel Costa,miguel.costa@email.com,53,Portugal,2024-09-04 17:23:08.277638
209,João Alves,joão.alves@email.com,27,Brasil,2024-08-24 17:23:08.277638
210,Miguel Oliveira,miguel.oliveira@email.com,31,Portugal,2025-04-17 17:23:08.277638
211,Miguel Rodrigues,miguel.rodrigues@email.com,23,Portugal,2025-02-27 17:23:08.277638
212,Fernanda Souza,fernanda.souza@email.com,53,Brasil,2025-01-14 17:23:08.277638
213,João Ferreira,joão.ferreira@email.com,35,Portugal,2025-07-30 17:23:08.277638
214,Miguel Rodrigues,miguel.rodrigues@email.com,33,Portugal,2023-11-22 17:23:08.277638
215,Ana Martins,ana.martins@email.com,51,Portugal,2024-02-20 17:23:08.277638
216,Lucas Ferreira,lucas.ferreira@email.com,38,Brasil,2024-09-30 17:23:08.277638
217,Linda Jones,linda.jones@email.com,38,Espanha,2024-12-18 17:23:08.277638
218,Fernanda Souza,fernanda.souza@email.com,45,Brasil,2023-10-21 17:23:08.277638
219,Carlos Silva,carlos.silva@email.com,34,Brasil,2025-05-21 17:23:08.277638
220,Michael Brown,michael.brown@email.com,40,Argentina,2025-05-16 17:23:08.277638
221,Ana Silva,ana.silva@email.com,38,Brasil,2024-04-09 17:23:08.277638
222,Maria Rodrigues,maria.rodrigues@email.com,17,Portugal,2025-04-08 17:23:08.277638
223,Michael Jones,michael.jones@email.com,30,Espanha,2024-03-02 17:23:08.277638
224,Fernanda Souza,fernanda.souza@email.com,41,Brasil,2024-10-09 17:23:08.277638
225,João Ferreira,joão.ferreira@email.com,23,Brasil,2025-07-23 17:23:08.277638
226,Carlos Oliveira,carlos.oliveira@email.com,22,Brasil,2024-02-25 17:23:08.277638
227,Fernanda Santos,fernanda.santos@email.com,29,Brasil,2024-06-17 17:23:08.277638
228,Carlos Alves,carlos.alves@email.com,54,Brasil,2024-11-09 17:23:08.277638
229,Pedro Santos,pedro.santos@email.com,28,Brasil,2024-05-01 17:23:08.277638
230,Susan Garcia,susan.garcia@email.com,54,Espanha,2024-05-29 17:23:08.277638
231,Juliana Ferreira,juliana.ferreira@email.com,17,Brasil,2025-04-24 17:23:08.277638
232,Jennifer Brown,jennifer.brown@email.com,29,Espanha,2025-02-02 17:23:08.277638
233,Juliana Ferreira,juliana.ferreira@email.com,68,Brasil,2024-03-15 17:23:08.277638
234,Maria Ferreira,maria.ferreira@email.com,36,Brasil,2024-04-09 17:23:08.277638
235,Linda Garcia,linda.garcia@email.com,23,Espanha,2024-07-19 17:23:08.277638
236,Robert Miller,robert.miller@email.com,33,Argentina,2025-06-07 17:23:08.277638
237,Ana Santos,ana.santos@email.com,26,Brasil,2024-03-12 17:23:08.277638
238,Lucas Souza,lucas.souza@email.com,30,Brasil,2024-02-08 17:23:08.277638
239,Lucas Rodrigues,lucas.rodrigues@email.com,28,Brasil,2025-06-04 17:23:08.277638
240,Maria Ferreira,maria.ferreira@email.com,39,Brasil,2025-08-17 17:23:08.277638
241,Carlos Rodrigues,carlos.rodrigues@email.com,47,Brasil,2025-09-06 17:23:08.277638
242,Fernanda Silva,fernanda.silva@email.com,29,Brasil,2024-08-13 17:23:08.277638
243,Robert Smith,robert.smith@email.com,22,Chile,2024-02-22 17:23:08.277638
244,Ana Martins,ana.martins@email.com,29,Portugal,2025-05-15 17:23:08.277638
245,Ana Souza,ana.souza@email.com,25,Brasil,2025-08-01 17:23:08.277638
246,Maria Rodrigues,maria.rodrigues@email.com,68,Brasil,2025-07-05 17:23:08.277638
247,Susan Johnson,susan.johnson@email.com,31,Espanha,2024-02-25 17:23:08.277638
248,Fernanda Souza,fernanda.souza@email.com,16,Brasil,2024-01-13 17:23:08.277638
249,Carlos Souza,carlos.souza@email.com,25,Brasil,2025-04-09 17:23:08.277638
250,Isabel Ferreira,isabel.ferreira@email.com,25,Portugal,2024-06-24 17:23:08.277638
251,Juliana Ferreira,juliana.ferreira@email.com,28,Brasil,2023-11-12 17:23:08.277638
252,Pedro Alves,pedro.alves@email.com,70,Brasil,2024-07-06 17:23:08.277638
253,Ana Silva,ana.silva@email.com,19,Portugal,2024-03-24 17:23:08.277638
254,Juliana Alves,juliana.alves@email.com,42,Brasil,2025-02-23 17:23:08.277638
255,Jennifer Brown,jennifer.brown@email.com,24,Chile,2025-09-18 17:23:08.277638
256,Maria Alves,maria.alves@email.com,46,Brasil,2025-08-27 17:23:08.277638
257,Sofia Costa,sofia.costa@email.com,19,Portugal,2023-12-27 17:23:08.277638
258,Ana Rodrigues,ana.rodrigues@email.com,26,Portugal,2024-12-18 17:23:08.277638
259,Susan Jones,susan.jones@email.com,17,EUA,2023-12-17 17:23:08.277638
260,Sofia Rodrigues,sofia.rodrigues@email.com,19,Portugal,2024-05-18 17:23:08.277638
261,Juliana Alves,juliana.alves@email.com,29,Brasil,2023-11-03 17:23:08.277638
262,Carlos Silva,carlos.silva@email.com,25,Brasil,2025-06-28 17:23:08.277638
263,Jennifer Smith,jennifer.smith@email.com,37,Chile,2024-11-15 17:23:08.277638
264,Maria Oliveira,maria.oliveira@email.com,45,Brasil,2024-08-24 17:23:08.277638
265,Carlos Rodrigues,carlos.rodrigues@email.com,37,Brasil,2023-10-05 17:23:08.277638
266,João Alves,joão.alves@email.com,28,Brasil,2024-11-13 17:23:08.277638
267,Carlos Silva,carlos.silva@email.com,26,Brasil,2024-01-22 17:23:08.277638
268,António Martins,antónio.martins@email.com,44,Portugal,2025-03-23 17:23:08.277638
269,Maria Ferreira,maria.ferreira@email.com,20,Brasil,2024-03-01 17:23:08.277638
270,Lucas Santos,lucas.santos@email.com,51,Brasil,2024-01-05 17:23:08.277638
271,Pedro Ferreira,pedro.ferreira@email.com,30,Brasil,2025-02-15 17:23:08.277638
272,João Souza,joão.souza@email.com,32,Brasil,2025-09-25 17:23:08.277638
273,Juliana Silva,juliana.silva@email.com,42,Brasil,2025-08-29 17:23:08.277638
274,Lucas Alves,lucas.alves@email.com,28,Brasil,2025-01-11 17:23:08.277638
275,Juliana Ferreira,juliana.ferreira@email.com,38,Brasil,2024-09-20 17:23:08.277638
276,Linda Brown,linda.brown@email.com,37,Espanha,2025-06-01 17:23:08.277638
277,Maria Souza,maria.souza@email.com,34,Brasil,2024-02-11 17:23:08.277638
278,Ana Souza,ana.souza@email.com,24,Brasil,2024-02-08 17:23:08.277638
279,Fernanda Silva,fernanda.silva@email.com,31,Brasil,2024-06-13 17:23:08.277638
280,Ana Silva,ana.silva@email.com,27,Brasil,2024-10-17 17:23:08.277638
281,Francisco Oliveira,francisco.oliveira@email.com,20,Portugal,2024-10-22 17:23:08.277638
282,Juliana Souza,juliana.souza@email.com,39,Brasil,2024-05-09 17:23:08.277638
283,Fernanda Santos,fernanda.santos@email.com,17,Brasil,2025-08-02 17:23:08.277638
284,Ana Costa,ana.costa@email.com,26,Portugal,2025-03-17 17:23:08.277638
285,Fernanda Ferreira,fernanda.ferreira@email.com,33,Brasil,2025-07-03 17:23:08.277638
286,Maria Santos,maria.santos@email.com,54,Brasil,2024-06-04 17:23:08.277638
287,Carlos Souza,carlos.souza@email.com,31,Brasil,2025-01-19 17:23:08.277638
288,Pedro Oliveira,pedro.oliveira@email.com,35,Brasil,2025-05-11 17:23:08.277638
289,Francisco Silva,francisco.silva@email.com,55,Portugal,2024-05-12 17:23:08.277638
290,Carlos Souza,carlos.souza@email.com,32,Brasil,2025-09-30 17:23:08.277638
291,Carlos Silva,carlos.silva@email.com,32,Brasil,2024-09-19 17:23:08.277638
292,Michael Williams,michael.williams@email.com,17,Chile,2024-04-18 17:23:08.277638
293,António Silva,antónio.silva@email.com,34,Portugal,2025-01-26 17:23:08.277638
294,Pedro Rodrigues,pedro.rodrigues@email.com,24,Brasil,2024-04-26 17:23:08.277638
295,Linda Johnson,linda.johnson@email.com,54,Chile,2023-11-09 17:23:08.277638
296,João Santos,joão.santos@email.com,27,Brasil,2023-10-16 17:23:08.277638
297,João Ferreira,joão.ferreira@email.com,19,Brasil,2024-10-01 17:23:08.277638
298,Pedro Ferreira,pedro.ferreira@email.com,31,Brasil,2024-09-09 17:23:08.277638
299,Robert Johnson,robert.johnson@email.com,45,Chile,2024-07-19 17:23:08.277638
300,Juliana Ferreira,juliana.ferreira@email.com,53,Brasil,2024-02-06 17:23:08.277638
301,Juliana Ferreira,juliana.ferreira@email.com,16,Brasil,2024-03-23 17:23:08.277638
302,Juliana Alves,juliana.alves@email.com,29,Brasil,2024-08-19 17:23:08.277638
303,Maria Alves,maria.alves@email.com,50,Brasil,2023-12-23 17:23:08.277638
304,Jennifer Jones,jennifer.jones@email.com,18,Espanha,2024-12-18 17:23:08.277638
305,Pedro Souza,pedro.souza@email.com,49,Brasil,2025-04-30 17:23:08.277638
306,Lucas Souza,lucas.souza@email.com,16,Brasil,2025-04-20 17:23:08.277638
307,Ana Souza,ana.souza@email.com,23,Brasil,2024-10-20 17:23:08.277638
308,Fernanda Santos,fernanda.santos@email.com,32,Brasil,2025-07-14 17:23:08.277638
309,António Costa,antónio.costa@email.com,41,Portugal,2024-11-07 17:23:08.277638
310,Carlos Santos,carlos.santos@email.com,24,Brasil,2024-11-21 17:23:08.277638
311,David Miller,david.miller@email.com,33,Argentina,2024-12-21 17:23:08.277638
312,Lucas Silva,lucas.silva@email.com,22,Brasil,2025-01-30 17:23:08.277638
313,Ana Martins,ana.martins@email.com,30,Portugal,2025-09-27 17:23:08.277638
314,Jennifer Smith,jennifer.smith@email.com,39,Espanha,2025-07-21 17:23:08.277638
315,Maria Oliveira,maria.oliveira@email.com,37,Brasil,2025-05-21 17:23:08.277638
316,Jennifer Williams,jennifer.williams@email.com,32,EUA,2023-12-28 17:23:08.277638
317,Juliana Santos,juliana.santos@email.com,20,Brasil,2024-11-21 17:23:08.277638
318,João Silva,joão.silva@email.com,33,Brasil,2025-05-05 17:23:08.277638
319,Maria Rodrigues,maria.rodrigues@email.com,36,Brasil,2023-11-06 17:23:08.277638
320,Lucas Alves,lucas.alves@email.com,29,Brasil,2025-08-22 17:23:08.277638
321,Juliana Santos,juliana.santos@email.com,28,Brasil,2025-04-26 17:23:08.277638
322,Pedro Rodrigues,pedro.rodrigues@email.com,43,Brasil,2024-08-21 17:23:08.277638
323,Lucas Santos,lucas.santos@email.com,18,Brasil,2025-01-08 17:23:08.277638
324,Maria Ferreira,maria.ferreira@email.com,68,Brasil,2023-10-28 17:23:08.277638
325,Lucas Alves,lucas.alves@email.com,23,Brasil,2024-07-19 17:23:08.277638
326,Maria Santos,maria.santos@email.com,50,Brasil,2025-06-12 17:23:08.277638
327,John Jones,john.jones@email.com,41,EUA,2025-05-10 17:23:08.278638
328,Ana Oliveira,ana.oliveira@email.com,40,Brasil,2025-01-31 17:23:08.278638
329,Pedro Oliveira,pedro.oliveira@email.com,24,Brasil,2023-10-19 17:23:08.278638
330,João Ferreira,joão.ferreira@email.com,22,Brasil,2024-10-11 17:23:08.278638
331,Juliana Santos,juliana.santos@email.com,32,Brasil,2024-06-08 17:23:08.278638
332,Lucas Santos,lucas.santos@email.com,28,Brasil,2025-06-22 17:23:08.278638
333,António Ferreira,antónio.ferreira@email.com,28,Portugal,2025-08-14 17:23:08.278638
334,Carlos Santos,carlos.santos@email.com,37,Brasil,2025-06-23 17:23:08.278638
335,Isabel Ferreira,isabel.ferreira@email.com,28,Portugal,2025-01-10 17:23:08.278638
336,Ana Alves,ana.alves@email.com,17,Brasil,2025-03-14 17:23:08.278638
337,Fernanda Souza,fernanda.souza@email.com,25,Brasil,2024-08-23 17:23:08.278638
338,David Miller,david.miller@email.com,17,EUA,2023-11-07 17:23:08.278638
339,Lucas Ferreira,lucas.ferreira@email.com,35,Brasil,2025-04-12 17:23:08.278638
340,Carlos Rodrigues,carlos.rodrigues@email.com,17,Brasil,2023-12-01 17:23:08.278638
341,Lucas Alves,lucas.alves@email.com,25,Brasil,2024-03-18 17:23:08.278638
342,Carlos Alves,carlos.alves@email.com,19,Brasil,2024-02-13 17:23:08.278638
343,João Silva,joão.silva@email.com,18,Brasil,2023-10-25 17:23:08.278638
344,Carlos Silva,carlos.silva@email.com,35,Brasil,2024-08-24 17:23:08.278638
345,David Williams,david.williams@email.com,51,Argentina,2025-06-14 17:23:08.278638
346,Michael Smith,michael.smith@email.com,52,Chile,2025-08-14 17:23:08.278638
347,Jennifer Brown,jennifer.brown@email.com,36,EUA,2025-08-09 17:23:08.278638
348,Ana Alves,ana.alves@email.com,19,Brasil,2025-07-25 17:23:08.278638
349,Robert Williams,robert.williams@email.com,50,Espanha,2024-05-26 17:23:08.278638
350,Fernanda Souza,fernanda.souza@email.com,68,Brasil,2024-02-17 17:23:08.278638
351,Maria Silva,maria.silva@email.com,26,Portugal,2025-01-28 17:23:08.278638
352,Maria Alves,maria.alves@email.com,26,Brasil,2023-11-11 17:23:08.278638
353,Fernanda Oliveira,fernanda.oliveira@email.com,16,Brasil,2025-03-26 17:23:08.278638
354,John Williams,john.williams@email.com,28,Argentina,2024-06-22 17:23:08.278638
355,Carlos Alves,carlos.alves@email.com,26,Brasil,2023-10-25 17:23:08.278638
356,João Martins,joão.martins@email.com,31,Portugal,2025-03-06 17:23:08.278638
357,Fernanda Santos,fernanda.santos@email.com,23,Brasil,2024-10-15 17:23:08.278638
358,Sofia Martins,sofia.martins@email.com,64,Portugal,2023-12-15 17:23:08.278638
359,Pedro Santos,pedro.santos@email.com,30,Brasil,2025-03-21 17:23:08.278638
360,Maria Souza,maria.souza@email.com,45,Brasil,2023-11-23 17:23:08.278638
361,Pedro Ferreira,pedro.ferreira@email.com,20,Brasil,2024-08-09 17:23:08.278638
362,Maria Silva,maria.silva@email.com,16,Brasil,2025-06-16 17:23:08.278638
363,Pedro Ferreira,pedro.ferreira@email.com,40,Brasil,2024-08-15 17:23:08.278638
364,Miguel Martins,miguel.martins@email.com,36,Portugal,2023-10-24 17:23:08.278638
365,David Garcia,david.garcia@email.com,66,Espanha,2025-01-25 17:23:08.278638
366,João Santos,joão.santos@email.com,28,Brasil,2024-12-07 17:23:08.278638
367,Jennifer Williams,jennifer.williams@email.com,41,Espanha,2025-01-16 17:23:08.278638
368,Michael Williams,michael.williams@email.com,66,EUA,2025-09-14 17:23:08.278638
369,Lucas Rodrigues,lucas.rodrigues@email.com,18,Brasil,2025-08-05 17:23:08.278638
370,Maria Alves,maria.alves@email.com,40,Brasil,2025-07-27 17:23:08.278638
371,João Rodrigues,joão.rodrigues@email.com,19,Brasil,2023-11-01 17:23:08.278638
372,Maria Rodrigues,maria.rodrigues@email.com,29,Brasil,2025-03-18 17:23:08.278638
373,Linda Miller,linda.miller@email.com,39,Argentina,2024-06-15 17:23:08.278638
374,Susan Smith,susan.smith@email.com,44,Espanha,2023-11-29 17:23:08.278638
375,Ana Souza,ana.souza@email.com,30,Brasil,2025-09-16 17:23:08.278638
376,Lucas Santos,lucas.santos@email.com,21,Brasil,2024-10-25 17:23:08.278638
377,Ana Rodrigues,ana.rodrigues@email.com,34,Brasil,2025-03-03 17:23:08.278638
378,Isabel Oliveira,isabel.oliveira@email.com,27,Portugal,2024-08-17 17:23:08.278638
379,Lucas Oliveira,lucas.oliveira@email.com,24,Brasil,2024-11-14 17:23:08.278638
380,Fernanda Ferreira,fernanda.ferreira@email.com,26,Brasil,2024-08-30 17:23:08.278638
381,John Smith,john.smith@email.com,24,Espanha,2025-08-06 17:23:08.278638
382,Mary Garcia,mary.garcia@email.com,22,Argentina,2025-05-05 17:23:08.278638
383,Isabel Rodrigues,isabel.rodrigues@email.com,30,Portugal,2024-04-19 17:23:08.278638
384,Mary Smith,mary.smith@email.com,32,Argentina,2025-05-29 17:23:08.278638
385,João Santos,joão.santos@email.com,28,Brasil,2024-09-26 17:23:08.278638
386,Miguel Santos,miguel.santos@email.com,43,Portugal,2024-05-19 17:23:08.278638
387,Carlos Rodrigues,carlos.rodrigues@email.com,26,Brasil,2023-11-06 17:23:08.278638
388,Carlos Oliveira,carlos.oliveira@email.com,20,Brasil,2024-04-15 17:23:08.278638
389,Maria Souza,maria.souza@email.com,30,Brasil,2025-04-13 17:23:08.278638
390,João Souza,joão.souza@email.com,44,Brasil,2025-06-14 17:23:08.278638
391,Lucas Souza,lucas.souza@email.com,20,Brasil,2024-10-10 17:23:08.278638
392,Juliana Silva,juliana.silva@email.com,28,Brasil,2023-10-03 17:23:08.278638
393,Juliana Ferreira,juliana.ferreira@email.com,56,Brasil,2023-11-24 17:23:08.278638
394,Sofia Ferreira,sofia.ferreira@email.com,23,Portugal,2024-09-29 17:23:08.278638
395,Lucas Oliveira,lucas.oliveira@email.com,33,Brasil,2024-11-27 17:23:08.278638
396,Carlos Souza,carlos.souza@email.com,30,Brasil,2025-05-12 17:23:08.278638
397,Lucas Ferreira,lucas.ferreira@email.com,35,Brasil,2024-02-14 17:23:08.278638
398,John Smith,john.smith@email.com,35,Espanha,2024-05-18 17:23:08.278638
399,Carlos Oliveira,carlos.oliveira@email.com,25,Brasil,2025-07-27 17:23:08.278638
400,Fernanda Rodrigues,fernanda.rodrigues@email.com,44,Brasil,2024-06-29 17:23:08.278638
401,Maria Oliveira,maria.oliveira@email.com,21,Portugal,2024-08-16 17:23:08.278638
402,João Alves,joão.alves@email.com,44,Brasil,2024-10-26 17:23:08.278638
403,Robert Brown,robert.brown@email.com,28,EUA,2025-09-13 17:23:08.278638
404,Sofia Silva,sofia.silva@email.com,17,Portugal,2025-08-23 17:23:08.278638
405,Mary Garcia,mary.garcia@email.com,40,Argentina,2024-01-17 17:23:08.278638
406,Fernanda Rodrigues,fernanda.rodrigues@email.com,70,Brasil,2024-10-22 17:23:08.278638
407,Robert Johnson,robert.johnson@email.com,40,Argentina,2025-05-15 17:23:08.278638
408,Ana Rodrigues,ana.rodrigues@email.com,28,Brasil,2024-10-10 17:23:08.278638
409,Maria Oliveira,maria.oliveira@email.com,18,Brasil,2025-08-15 17:23:08.278638
410,Maria Rodrigues,maria.rodrigues@email.com,40,Brasil,2025-01-23 17:23:08.278638
411,João Souza,joão.souza@email.com,54,Brasil,2025-04-12 17:23:08.278638
412,Lucas Oliveira,lucas.oliveira@email.com,56,Brasil,2024-10-19 17:23:08.278638
413,João Souza,joão.souza@email.com,25,Brasil,2024-03-08 17:23:08.278638
414,Lucas Alves,lucas.alves@email.com,33,Brasil,2024-11-22 17:23:08.278638
415,Miguel Oliveira,miguel.oliveira@email.com,16,Portugal,2025-05-27 17:23:08.278638
416,Fernanda Souza,fernanda.souza@email.com,57,Brasil,2025-06-17 17:23:08.278638
417,Lucas Alves,lucas.alves@email.com,21,Brasil,2024-07-13 17:23:08.278638
418,Pedro Souza,pedro.souza@email.com,49,Brasil,2024-07-03 17:23:08.278638
419,Ana Alves,ana.alves@email.com,38,Brasil,2023-10-30 17:23:08.278638
420,João Oliveira,joão.oliveira@email.com,40,Portugal,2025-02-05 17:23:08.278638
421,Lucas Souza,lucas.souza@email.com,50,Brasil,2024-01-14 17:23:08.278638
422,Maria Silva,maria.silva@email.com,19,Portugal,2024-01-27 17:23:08.278638
423,John Williams,john.williams@email.com,51,EUA,2025-05-29 17:23:08.278638
424,Ana Souza,ana.souza@email.com,22,Brasil,2025-09-28 17:23:08.278638
425,João Silva,joão.silva@email.com,17,Brasil,2024-07-04 17:23:08.278638
426,Susan Garcia,susan.garcia@email.com,39,Chile,2025-06-11 17:23:08.278638
427,Fernanda Rodrigues,fernanda.rodrigues@email.com,25,Brasil,2025-03-19 17:23:08.278638
428,Linda Brown,linda.brown@email.com,67,EUA,2025-02-11 17:23:08.278638
429,Mary Smith,mary.smith@email.com,66,EUA,2023-10-17 17:23:08.278638
430,António Oliveira,antónio.oliveira@email.com,54,Portugal,2024-01-02 17:23:08.278638
431,Carlos Souza,carlos.souza@email.com,52,Brasil,2025-08-28 17:23:08.278638
432,Ana Souza,ana.souza@email.com,34,Brasil,2025-03-16 17:23:08.278638
433,Ana Ferreira,ana.ferreira@email.com,56,Portugal,2024-03-17 17:23:08.278638
434,Pedro Silva,pedro.silva@email.com,31,Brasil,2024-09-23 17:23:08.278638
435,Ana Rodrigues,ana.rodrigues@email.com,44,Brasil,2024-05-13 17:23:08.278638
436,João Silva,joão.silva@email.com,24,Brasil,2024-04-26 17:23:08.278638
437,Maria Souza,maria.souza@email.com,29,Brasil,2025-02-07 17:23:08.278638
438,Pedro Alves,pedro.alves@email.com,54,Brasil,2025-04-30 17:23:08.278638
439,John Johnson,john.johnson@email.com,34,EUA,2025-03-07 17:23:08.278638
440,Juliana Silva,juliana.silva@email.com,50,Brasil,2025-06-28 17:23:08.278638
441,Robert Smith,robert.smith@email.com,20,Argentina,2025-05-25 17:23:08.278638
442,João Santos,joão.santos@email.com,26,Brasil,2024-06-30 17:23:08.278638
443,Lucas Silva,lucas.silva@email.com,22,Brasil,2024-07-07 17:23:08.278638
444,Juliana Rodrigues,juliana.rodrigues@email.com,42,Brasil,2024-09-12 17:23:08.278638
445,Carlos Santos,carlos.santos@email.com,17,Brasil,2024-03-02 17:23:08.278638
446,Jennifer Garcia,jennifer.garcia@email.com,54,EUA,2025-09-30 17:23:08.278638
447,João Oliveira,joão.oliveira@email.com,30,Brasil,2024-12-01 17:23:08.278638
448,Juliana Ferreira,juliana.ferreira@email.com,36,Brasil,2025-07-17 17:23:08.278638
449,Juliana Alves,juliana.alves@email.com,20,Brasil,2025-09-03 17:23:08.278638
450,Michael Garcia,michael.garcia@email.com,44,Chile,2025-09-13 17:23:08.278638
